<?xml version="1.0" encoding="UTF-8"?>
<project-private xmlns="http://www.netbeans.org/ns/project-private/1">
    <editor-bookmarks xmlns="http://www.netbeans.org/ns/editor-bookmarks/2" lastBookmarkId="0"/>
    <open-files xmlns="http://www.netbeans.org/ns/projectui-open-files/2">
        <group>
            <file>file:/home/pablo/NetBeansProjects/SSW/web/FrontEnd/nuevaEntrada.html</file>
            <file>file:/home/pablo/NetBeansProjects/SSW/src/java/backend/Foro.java</file>
            <file>file:/home/pablo/NetBeansProjects/SSW/web/FrontEnd/foroUsuario.html</file>
        </group>
    </open-files>
</project-private>
